analyze,v,"[ˈænəˌlaɪz]","分析；分解","Scientists analyze the data carefully.","科学家们仔细分析数据。"
ancient,adj,"[ˈeɪnʃənt]","古代的；古老的","They visited ancient ruins.","他们参观了古代遗址。"
and,conj,"[ænd]","和；并且","Tom and Jerry are friends.","汤姆和杰瑞是朋友。"
angle,n,"[ˈæŋɡəl]","角度；观点","Look at the problem from a different angle.","从不同角度看问题。"
angry,adj,"[ˈæŋɡri]","生气的；愤怒的","He got angry at the delay.","他因延误而生气。"
animal,n,"[ˈænɪməl]","动物","Many animals live in the forest.","许多动物生活在森林里。"
announce,v,"[əˈnaʊns]","宣布；宣告","They announced the results yesterday.","他们昨天公布了结果。"
annual,adj,"[ˈænjuəl]","每年的；年度的","The annual meeting will be next month.","年会将在下个月举行。"
another,det./pron,"[əˈnʌðər]","另一个；再","Would you like another piece of cake?","你想再来一块蛋糕吗？"
answer,n./v,"[ˈænsər]","回答；答案","He answered all the questions correctly.","他正确回答了所有问题。"
anticipate,v,"[ænˈtɪsəˌpeɪt]","预料；期望","We anticipate a positive response.","我们预计会有积极的回应。"
anxiety,n,"[æŋˈzaɪəti]","焦虑；不安","She felt anxiety before the exam.","她在考试前感到焦虑。"
any,det./pron./adv,"[ˈɛni]","任何；一些","Do you have any questions?","你有任何问题吗？"
anybody,pron,"[ˈɛniˌbɑːdi]","任何人","Is anybody there?","有人在吗？"
anyone,pron,"[ˈɛniˌwʌn]","任何人","Anyone can join the club.","任何人都可以加入该俱乐部。"
anything,pron,"[ˈɛniˌθɪŋ]","任何事物","Is there anything I can do?","有什么我可以做的吗？"
anyway,adv,"[ˈɛniˌweɪ]","无论如何；反正","Anyway, let's finish the task.","无论如何，我们把任务完成吧。"
apart,adv,"[əˈpɑrt]","分开；相距","They live ten miles apart.","他们住相距十英里。"
apologize,v,"[əˈpɑlədʒaɪz]","道歉；认错","He apologized for his mistake.","他为自己的错误道歉。"
appeal,n./v,"[əˈpiːl]","呼吁；吸引；上诉","The charity made an appeal for donations.","该慈善机构发起了募捐呼吁。"
